pelvic_incidence,pelvic_tilt,lumbar_lordosis_angle,sacral_slope,pelvic_radius,degree_spondylolisthesis,target
57.03509717,0.34572799,49.19800263,56.68936918,103.0486975,52.16514503,2
43.7182623,9.811985315,51.99999999,33.90627699,88.43424213,40.88092253,2
38.69791243,13.44474904,31.0,25.25316339,123.1592507,1.429185758,0
52.41938511,19.01156052,35.87265953,33.40782459,116.5597709,1.694705102,0
80.98807441,36.84317181,86.96060151,44.1449026,141.0881494,85.87215224,2
40.6832291,9.148437195,31.02159252,31.53479191,139.1184721,-2.511618596,1
54.5036853,6.819910138,46.99999999,47.68377516,111.7911722,-4.406769011,1
55.84328595,28.84744756,47.69054322,26.99583839,123.3118449,2.812426855,0
45.70178875,10.65985935,42.5778464,35.0419294,130.1783144,-3.38890999,1
47.31964755,8.573680295,35.56025198,38.74596726,120.5769719,1.630663508,1
68.61300092,15.0822353,63.01469619,53.53076561,123.4311742,39.49798659,2
83.93300857,41.28630543,61.99999999,42.64670314,115.012334,26.58810016,2
44.31890674,12.53799164,36.098763,31.78091509,124.1158358,5.415825143,0
63.0278175,22.55258597,39.60911701,40.47523153,98.67291675,-0.254399986,0
69.62628302,21.12275138,52.76659472,48.50353164,116.8030913,54.81686729,2
63.83498162,20.36250706,54.55243367,43.47247456,112.3094915,-0.622526643,0
74.85448008,13.90908417,62.69325884,60.9453959,115.2087008,33.17225512,2
43.43645061,10.09574326,36.03222439,33.34070735,137.4396942,-3.114450861,1
63.07361096,24.41380271,53.99999999,38.65980825,106.4243295,15.77969683,0
41.76773173,17.89940172,20.0308863,23.86833001,118.3633889,2.062962549,0
50.91244034,23.01516931,46.99999999,27.89727103,117.4222591,-2.526701511,0
39.08726449,5.536602477,26.93203835,33.55066201,131.5844199,-0.75946135,1
68.83202098,22.21848205,50.09219357,46.61353893,105.9851355,-3.530317314,0
70.25043628,10.34012252,76.37007032,59.91031376,119.2370072,32.66650243,2
34.75673809,2.631739646,29.50438112,32.12499844,127.1398495,-0.460894198,1
71.24176388,5.268270454,85.99958417,65.97349342,110.703107,38.2598637,2
69.56348614,15.4011391,74.43849743,54.16234705,105.0673556,29.70121083,2
55.512212,20.09515673,43.99999999,35.41705528,122.648753,34.55294641,2
70.67689818,21.70440224,59.18116082,48.97249594,103.0083545,27.8101478,2
79.24967118,23.94482471,40.79669829,55.30484647,98.62251165,36.7063954,2
26.14792141,10.75945357,14.0,15.38846783,125.2032956,-10.09310817,0
54.92085752,18.96842952,51.60145541,35.952428,125.8466462,2.001642472,1
50.20966979,29.76012218,36.10400731,20.44954761,128.2925148,5.740614083,0
66.87921138,24.89199889,49.27859673,41.9872125,113.4770183,-2.005891748,0
50.06678595,9.120340183,32.16846267,40.94644577,99.71245318,26.76669655,2
57.28694488,15.1493501,63.99999999,42.13759477,116.7353868,30.34120327,2
30.14993632,11.91744524,34.0,18.23249108,112.6841408,11.46322327,0
37.7319919,9.386298276,41.99999999,28.34569362,135.740926,13.68304672,1
49.71285934,9.652074879,28.317406,40.06078446,108.1687249,7.918500615,0
48.91555137,19.96455616,40.26379358,28.95099521,119.321358,8.028894629,0
45.57548229,18.75913544,33.77414297,26.81634684,116.7970069,3.131909921,1
48.0306238,3.969814743,58.34451924,44.06080905,125.3509625,35.00007784,2
40.41336566,-1.329412398,30.98276809,41.74277806,119.3356546,-6.173674823,1
41.35250407,16.57736351,30.70619135,24.77514057,113.2666746,-4.497957556,0
36.12568347,22.75875277,29.0,13.3669307,115.5771163,-3.237562489,0
66.80479632,14.55160171,72.08491177,52.25319461,82.45603817,41.6854736,2
85.29017283,18.27888963,100.7442198,67.0112832,110.6607005,58.88494802,2
47.90356517,13.61668819,36.0,34.28687698,117.4490622,-4.245395422,1
75.64973136,19.33979889,64.14868477,56.30993248,95.9036288,69.55130292,2
58.78254775,7.667044186,53.33894082,51.11550357,98.50115697,51.58412476,2
86.90079431,32.9281677,47.79434664,53.97262661,135.0753635,101.7190919,2
38.12658854,6.557617408,50.44507473,31.56897113,132.114805,6.338199339,1
84.97413208,33.02117462,60.85987263,51.95295747,125.6595336,74.33340864,2
83.7031774,20.26822858,77.1105979,63.43494882,125.4801739,69.279571,2
34.64992241,7.514782784,42.99999999,27.13513962,123.9877408,-4.082937601,1
56.53505139,14.37718927,44.99154663,42.15786212,101.7233343,25.77317356,2
54.12492019,26.65048856,35.32974693,27.47443163,121.447011,1.571204816,0
81.05661087,20.80149217,91.78449512,60.2551187,125.430176,38.18178176,2
67.80469442,16.55066167,43.25680184,51.25403274,119.6856451,4.867539941,1
72.64385013,18.92911726,67.99999999,53.71473287,116.9634162,25.38424676,2
42.02138603,-6.554948347,67.89999999,48.57633437,111.5857819,27.33867086,2
48.3189305,17.45212105,47.99999999,30.86680945,128.9803079,-0.910940567,1
